,F1_score_train,F1_score_valid,Roc_score_train,Roc_score_valid
0,0.6029006460940677,0.5978351373855121,0.758920342515512,0.7579117832812357
